Publish Date,Title/Topic,Content Type,Target Keyword,Assigned To,Status
2026-10-03,Chocolate and botanicals without a health claim,Article,mushroom bar; mushrooms bar; bar mushroom,unspecified,Published
2026-09-26,How a bar is eaten here,Article,unspecified,unspecified,Published
2026-09-19,What the gummies are,Article,unspecified,unspecified,Published
2026-09-12,Functional botanicals as this shop uses the words,Article,unspecified,unspecified,Published
2026-09-05,Why people order from the European store,Article,unspecified,unspecified,Published
2026-08-29,What a Fusion chocolate bar is,Article,fusion bar; fusion bars; fusion chocolate; fusion chocolates; chocolate fusion,unspecified,Published
2026-08-22,The bar written for this store,Article,unspecified,unspecified,Published
2026-08-15,Where a Fusion parcel goes,Article,unspecified,unspecified,Published
2026-08-08,The chocolate in the bar,Article,artisan chocolate; craft chocolate bars,unspecified,Published
2026-08-01,Fusion Mushroom Bars EU in one place,Article,unspecified,unspecified,Published
2026-07-25,How a bar is finished,Article,unspecified,unspecified,Published
2026-07-18,Squares of chocolate not a schedule,Article,unspecified,unspecified,Published
2026-07-11,How long to keep a bar,Article,unspecified,unspecified,Published
